[
  {
    "id": "12bbe43d-694d-4dc5-8631-8a3f5c20d7b6",
    "data": [
      {
        "text": "noo",
        "userDefined": false
      }
    ],
    "isTemplate": false,
    "count": 0,
    "updated": 1528650772
  },
  {
    "id": "e7f3fdd0-824d-425b-991a-26e3ff378679",
    "data": [
      {
        "text": "naah",
        "userDefined": false
      }
    ],
    "isTemplate": false,
    "count": 0,
    "updated": 1528650772
  },
  {
    "id": "78c4ebe5-7f28-4675-8fff-da5b23669bcd",
    "data": [
      {
        "text": "by",
        "userDefined": false
      }
    ],
    "isTemplate": false,
    "count": 0,
    "updated": 1528650772
  },
  {
    "id": "101b941e-4877-45cb-aac0-a59ea13e2afd",
    "data": [
      {
        "text": "buhbye",
        "userDefined": false
      }
    ],
    "isTemplate": false,
    "count": 0,
    "updated": 1528650772
  },
  {
    "id": "7c7840fb-70b4-43d5-8b25-01102de4173c",
    "data": [
      {
        "text": "catch you later",
        "userDefined": false
      }
    ],
    "isTemplate": false,
    "count": 0,
    "updated": 1528650772
  },
  {
    "id": "c9e75fbc-0023-423d-9152-d26c9aff091e",
    "data": [
      {
        "text": "see you later",
        "userDefined": false
      }
    ],
    "isTemplate": false,
    "count": 1,
    "updated": 1528650772
  },
  {
    "id": "97c9f5b9-7324-43de-8884-45ccac3ed0d2",
    "data": [
      {
        "text": "No",
        "userDefined": false
      }
    ],
    "isTemplate": false,
    "count": 0,
    "updated": 1528650772
  },
  {
    "id": "1b00a620-6c0c-4092-9280-b6f23d702370",
    "data": [
      {
        "text": "Nope",
        "userDefined": false
      }
    ],
    "isTemplate": false,
    "count": 0,
    "updated": 1528650772
  },
  {
    "id": "71e6cf4e-f0f0-4cad-a5ff-238c46235531",
    "data": [
      {
        "text": "bye",
        "userDefined": false
      }
    ],
    "isTemplate": false,
    "count": 0,
    "updated": 1528650772
  },
  {
    "id": "e4d59723-8144-44b3-a5b4-f21d9ad3f4ca",
    "data": [
      {
        "text": "never",
        "userDefined": false
      }
    ],
    "isTemplate": false,
    "count": 0,
    "updated": 1528650772
  },
  {
    "id": "e1d429fd-a6a4-4d65-93af-912979d94817",
    "data": [
      {
        "text": "bie",
        "userDefined": false
      }
    ],
    "isTemplate": false,
    "count": 0,
    "updated": 1528650772
  },
  {
    "id": "eee028fc-7405-4915-8ecb-02797e2e63f0",
    "data": [
      {
        "text": "no can do",
        "userDefined": false
      }
    ],
    "isTemplate": false,
    "count": 1,
    "updated": 1528650772
  }
]