[
  {
    "id": "6abff5af-a0ef-4a0d-806d-c04ba75b4960",
    "data": [
      {
        "text": "your inspirational quotes are not good",
        "userDefined": false
      }
    ],
    "isTemplate": false,
    "count": 0,
    "updated": 1528387764
  },
  {
    "id": "49c24ba5-6344-4656-a71f-903dded79311",
    "data": [
      {
        "text": "you are an idiot",
        "userDefined": false
      }
    ],
    "isTemplate": false,
    "count": 0,
    "updated": 1531065881
  },
  {
    "id": "52ecf08f-852f-4d2a-a9de-cd44af0a18b0",
    "data": [
      {
        "text": "I didn\u0027t like that inspirational quote",
        "userDefined": false
      }
    ],
    "isTemplate": false,
    "count": 0,
    "updated": 1528387764
  },
  {
    "id": "071a3475-225c-477d-b1f4-cc6a65d701a7",
    "data": [
      {
        "text": "you suck",
        "userDefined": false
      }
    ],
    "isTemplate": false,
    "count": 0,
    "updated": 1531590373
  },
  {
    "id": "68b9ff48-4097-473d-813e-ecea9138fc12",
    "data": [
      {
        "text": "I wish you had a sense of humor",
        "userDefined": false
      }
    ],
    "isTemplate": false,
    "count": 0,
    "updated": 1528650845
  },
  {
    "id": "dd1f22e7-3cbd-4bed-b2c3-49010af6ec5e",
    "data": [
      {
        "text": "bad ",
        "userDefined": false
      },
      {
        "text": "one",
        "alias": "number",
        "meta": "@sys.number",
        "userDefined": false
      }
    ],
    "isTemplate": false,
    "count": 2,
    "updated": 1528387764
  },
  {
    "id": "7d6bc9e9-24c3-40ae-852a-91a3c5574f01",
    "data": [
      {
        "text": "idiot",
        "userDefined": false
      }
    ],
    "isTemplate": false,
    "count": 0,
    "updated": 1531065881
  },
  {
    "id": "577a5053-2088-4ec9-a5d5-97bdd52f14ea",
    "data": [
      {
        "text": "not good",
        "userDefined": false
      }
    ],
    "isTemplate": false,
    "count": 1,
    "updated": 1528387764
  },
  {
    "id": "f176fcc8-ca0c-4582-adae-2e5845db0199",
    "data": [
      {
        "text": "stop your stupid inspirational quotes",
        "userDefined": false
      }
    ],
    "isTemplate": false,
    "count": 0,
    "updated": 1528387764
  },
  {
    "id": "2c650938-c25b-4e01-92b4-52860763a3c3",
    "data": [
      {
        "text": "bad",
        "userDefined": false
      }
    ],
    "isTemplate": false,
    "count": 0,
    "updated": 1528387764
  },
  {
    "id": "45d03d8d-f1c3-4c1a-90d0-2d2fd0d79104",
    "data": [
      {
        "text": "this is not great",
        "userDefined": false
      }
    ],
    "isTemplate": false,
    "count": 0,
    "updated": 1528387764
  },
  {
    "id": "20970a56-18f8-4eac-b6c2-2e928deaaf8c",
    "data": [
      {
        "text": "suck",
        "userDefined": false
      }
    ],
    "isTemplate": false,
    "count": 0,
    "updated": 1531590373
  },
  {
    "id": "85a19655-2e7a-4e5d-89cc-e2db252ecaeb",
    "data": [
      {
        "text": "not good enough",
        "userDefined": false
      }
    ],
    "isTemplate": false,
    "count": 0,
    "updated": 1528387764
  },
  {
    "id": "cf676b37-9f27-4866-b26d-b4e67c6621e9",
    "data": [
      {
        "text": "i didn\u0027t like this inspirational quote",
        "userDefined": false
      }
    ],
    "isTemplate": false,
    "count": 0,
    "updated": 1528650845
  },
  {
    "id": "ab53ed52-812b-4f7d-b58c-04e57254d683",
    "data": [
      {
        "text": "that is not inspiring",
        "userDefined": false
      }
    ],
    "isTemplate": false,
    "count": 0,
    "updated": 1528387764
  },
  {
    "id": "d93e82e1-190f-4db0-8e39-eca19f5c8b89",
    "data": [
      {
        "text": "your inspirational quote are awful",
        "userDefined": false
      }
    ],
    "isTemplate": false,
    "count": 0,
    "updated": 1528387764
  },
  {
    "id": "a976723a-71a3-47fe-8f1e-c33a4c045a76",
    "data": [
      {
        "text": "stop",
        "userDefined": false
      }
    ],
    "isTemplate": false,
    "count": 0,
    "updated": 1528387764
  },
  {
    "id": "d518b8a8-b370-4c92-b918-97b131cea579",
    "data": [
      {
        "text": "Please improve your inspirational quotes",
        "userDefined": false
      }
    ],
    "isTemplate": false,
    "count": 0,
    "updated": 1528387764
  },
  {
    "id": "36924f9b-6c0e-4b89-9490-d21f782336a9",
    "data": [
      {
        "text": "it\u0027s a bad inspirational quote",
        "userDefined": false
      }
    ],
    "isTemplate": false,
    "count": 0,
    "updated": 1528387764
  },
  {
    "id": "a883e6d9-5ac9-484a-a214-c13bb9db3be3",
    "data": [
      {
        "text": "you idiot",
        "userDefined": false
      }
    ],
    "isTemplate": false,
    "count": 0,
    "updated": 1531065881
  },
  {
    "id": "c73eafaa-2ce7-4d94-aaa2-05de0e7a8bda",
    "data": [
      {
        "text": "you have no good inspirational quote",
        "userDefined": false
      }
    ],
    "isTemplate": false,
    "count": 0,
    "updated": 1528387764
  },
  {
    "id": "7185918e-412b-4d62-9d75-e993b072896f",
    "data": [
      {
        "text": "not good at all",
        "userDefined": false
      }
    ],
    "isTemplate": false,
    "count": 0,
    "updated": 1528650845
  },
  {
    "id": "ed57cbea-eb65-414a-87c1-c6a9825d9d0b",
    "data": [
      {
        "text": "your inspirational quote don\u0027t touch me",
        "userDefined": false
      }
    ],
    "isTemplate": false,
    "count": 0,
    "updated": 1528650845
  },
  {
    "id": "552c287c-6662-4170-90ce-0bd35c0d0cbc",
    "data": [
      {
        "text": "it sucks",
        "userDefined": false
      }
    ],
    "isTemplate": false,
    "count": 2,
    "updated": 1528387764
  },
  {
    "id": "26c3c5d1-0585-4beb-8cfe-e7d2648ed542",
    "data": [
      {
        "text": "stop it",
        "userDefined": false
      }
    ],
    "isTemplate": false,
    "count": 0,
    "updated": 1528650845
  },
  {
    "id": "902ece34-7317-4c89-9764-cf5b0a3e3f05",
    "data": [
      {
        "text": "it was a stupid inspirational quote",
        "userDefined": false
      }
    ],
    "isTemplate": false,
    "count": 0,
    "updated": 1528387764
  },
  {
    "id": "6958daf3-6f31-4ac9-a05f-ca13dcee52d9",
    "data": [
      {
        "text": "you\u0027ve lost your brain",
        "userDefined": false
      }
    ],
    "isTemplate": false,
    "count": 0,
    "updated": 1528650845
  },
  {
    "id": "4e4c91c7-ab03-4380-87b3-efb7c0ef1dd7",
    "data": [
      {
        "text": "I hate your inspirational quote",
        "userDefined": false
      }
    ],
    "isTemplate": false,
    "count": 0,
    "updated": 1528387764
  }
]