[
  {
    "id": "8a8d2936-1856-4fee-a58c-8057cd69bcd5",
    "data": [
      {
        "text": "tell me good quotes",
        "userDefined": false
      }
    ],
    "isTemplate": false,
    "count": 0
  },
  {
    "id": "975dd931-fcf2-4aed-9388-17a8946024b2",
    "data": [
      {
        "text": "tell me inspiring quotes",
        "userDefined": false
      }
    ],
    "isTemplate": false,
    "count": 0
  },
  {
    "id": "f9aba1fa-d04d-4d5d-8966-b7b21852f043",
    "data": [
      {
        "text": "talk to inspire me with quote",
        "userDefined": false
      }
    ],
    "isTemplate": false,
    "count": 0
  },
  {
    "id": "071c573d-37ce-490c-81c6-407264a03d8d",
    "data": [
      {
        "text": "inspire me with quote",
        "userDefined": false
      }
    ],
    "isTemplate": false,
    "count": 0
  },
  {
    "id": "c3e530b8-c031-4348-86a6-c013cfddea4d",
    "data": [
      {
        "text": "tell me inspirational quotes",
        "userDefined": false
      }
    ],
    "isTemplate": false,
    "count": 0
  },
  {
    "id": "048fdc23-bac7-4859-9913-1b8152e6b955",
    "data": [
      {
        "text": "Ok Google, tell me inspirational quotes",
        "userDefined": false
      }
    ],
    "isTemplate": false,
    "count": 0
  },
  {
    "id": "1695fd26-c8eb-42fa-b42c-be88b8b710c0",
    "data": [
      {
        "text": "Ok Google, inspire me with quote",
        "userDefined": false
      }
    ],
    "isTemplate": false,
    "count": 0
  },
  {
    "id": "bc924ec2-06fe-4334-aab7-70b59aa77bdd",
    "data": [
      {
        "text": "Ok Google, talk to inspire me with quote",
        "userDefined": false
      }
    ],
    "isTemplate": false,
    "count": 0
  },
  {
    "id": "585010fe-ed9b-4d38-b7da-c883b1dbd6c3",
    "data": [
      {
        "text": "Ok Google, tell me inspiring quotes",
        "userDefined": false
      }
    ],
    "isTemplate": false,
    "count": 0
  },
  {
    "id": "b48fae1c-93ee-4e7e-a211-447a8a3d84e8",
    "data": [
      {
        "text": "Ok Google, tell me good quotes",
        "userDefined": false
      }
    ],
    "isTemplate": false,
    "count": 5
  },
  {
    "id": "035033d5-25db-4f74-af88-2ee5c16be22d",
    "data": [
      {
        "text": "Next",
        "userDefined": false
      }
    ],
    "isTemplate": false,
    "count": 0,
    "updated": 1527500752
  },
  {
    "id": "328868b4-5ec7-4938-a7ef-ee92ac31009a",
    "data": [
      {
        "text": "one more",
        "userDefined": false
      }
    ],
    "isTemplate": false,
    "count": 0,
    "updated": 1527500752
  },
  {
    "id": "93e0bb3b-0f3b-4dfa-8651-28c82d31890b",
    "data": [
      {
        "text": "tell me a ",
        "userDefined": false
      },
      {
        "text": "nice",
        "meta": "@sys.ignore",
        "userDefined": true
      },
      {
        "text": " inspirational quote",
        "userDefined": false
      }
    ],
    "isTemplate": false,
    "count": 0,
    "updated": 1527500752
  },
  {
    "id": "83b167e9-50ee-4245-ac54-04a2b7bf12f0",
    "data": [
      {
        "text": "I want a ",
        "userDefined": false
      },
      {
        "text": "funny",
        "meta": "@sys.ignore",
        "userDefined": true
      },
      {
        "text": " inspirational quote",
        "userDefined": false
      }
    ],
    "isTemplate": false,
    "count": 0,
    "updated": 1529180396
  },
  {
    "id": "fbace91d-5388-4ca2-aaaf-e1963d4fd4ea",
    "data": [
      {
        "text": "inspirational quote please",
        "userDefined": false
      }
    ],
    "isTemplate": false,
    "count": 0,
    "updated": 1527500752
  },
  {
    "id": "88dd99d1-d815-410c-ac7c-a313dc8df561",
    "data": [
      {
        "text": "do you have any inspirational quote?",
        "userDefined": false
      }
    ],
    "isTemplate": false,
    "count": 0,
    "updated": 1527500752
  },
  {
    "id": "e19eb1d8-f9b1-4e85-ac8e-bee0c9e6ea48",
    "data": [
      {
        "text": "more",
        "userDefined": false
      }
    ],
    "isTemplate": false,
    "count": 0,
    "updated": 1527500752
  },
  {
    "id": "ecd7806b-fde4-48a2-941b-26163c8662f0",
    "data": [
      {
        "text": "let\u0027s hear inspirational quotes",
        "userDefined": false
      }
    ],
    "isTemplate": false,
    "count": 0,
    "updated": 1529180396
  },
  {
    "id": "8ce33806-ba1b-4a23-8a0d-96fb177b5182",
    "data": [
      {
        "text": "tell me a good inspirational quote",
        "userDefined": false
      }
    ],
    "isTemplate": false,
    "count": 1,
    "updated": 1529180396
  },
  {
    "id": "bded784d-5ba7-46c3-a5ca-eb7259baef6b",
    "data": [
      {
        "text": "I want to hear an inspirational quote",
        "userDefined": false
      }
    ],
    "isTemplate": false,
    "count": 1,
    "updated": 1528817723
  },
  {
    "id": "02a688af-f23e-4440-b712-f59e4a64080e",
    "data": [
      {
        "text": "tell me some inspirational quotes",
        "userDefined": false
      }
    ],
    "isTemplate": false,
    "count": 0,
    "updated": 1529180396
  },
  {
    "id": "241bf484-9ebb-48c3-886a-f6009b352cf2",
    "data": [
      {
        "text": "tell me a great inspirational quote",
        "userDefined": false
      }
    ],
    "isTemplate": false,
    "count": 1,
    "updated": 1527500752
  },
  {
    "id": "7abbdb2a-f44c-4c39-9401-69e165ec2e67",
    "data": [
      {
        "text": "I want some inspirational quotes",
        "userDefined": false
      }
    ],
    "isTemplate": false,
    "count": 0,
    "updated": 1529180396
  },
  {
    "id": "fb4e280e-b99d-42b9-8410-90d4d36913f5",
    "data": [
      {
        "text": "some inspirational quote",
        "userDefined": false
      }
    ],
    "isTemplate": false,
    "count": 0,
    "updated": 1527500752
  },
  {
    "id": "6bc7233f-b398-4ada-9a54-939be6dff4e5",
    "data": [
      {
        "text": "tell an inspirational quote",
        "userDefined": false
      }
    ],
    "isTemplate": false,
    "count": 1,
    "updated": 1527500752
  },
  {
    "id": "bd1890f0-eb6a-4c83-957d-59cd5554b2a6",
    "data": [
      {
        "text": "tell",
        "meta": "@sys.ignore",
        "userDefined": false
      },
      {
        "text": " ",
        "userDefined": false
      },
      {
        "text": "me",
        "meta": "@sys.ignore",
        "userDefined": false
      },
      {
        "text": " a ",
        "userDefined": false
      },
      {
        "text": "funny",
        "meta": "@sys.ignore",
        "userDefined": true
      },
      {
        "text": " inspirational quotes please",
        "userDefined": false
      }
    ],
    "isTemplate": false,
    "count": 0,
    "updated": 1527500752
  },
  {
    "id": "a6941f8a-f7d3-434a-9a64-4254fee5a0d1",
    "data": [
      {
        "text": "more inspirational quotes",
        "userDefined": false
      }
    ],
    "isTemplate": false,
    "count": 0,
    "updated": 1529180396
  },
  {
    "id": "c04562b0-aca4-4576-b05e-05ff7a5b9d5d",
    "data": [
      {
        "text": "another one",
        "userDefined": false
      }
    ],
    "isTemplate": false,
    "count": 0,
    "updated": 1527500752
  },
  {
    "id": "bcfea17a-3197-46dc-8a9d-e9019c167a7c",
    "data": [
      {
        "text": "tell me an inspirational quote",
        "userDefined": false
      }
    ],
    "isTemplate": false,
    "count": 0,
    "updated": 1527500752
  },
  {
    "id": "eed717d2-61d8-41d2-b3de-b43fc1461294",
    "data": [
      {
        "text": "tell me the ",
        "userDefined": false
      },
      {
        "text": "best",
        "meta": "@sys.ignore",
        "userDefined": true
      },
      {
        "text": " inspirational quote ever",
        "userDefined": false
      }
    ],
    "isTemplate": false,
    "count": 0,
    "updated": 1527500752
  },
  {
    "id": "a8c1afbb-ae53-404b-8cd4-cb206081f816",
    "data": [
      {
        "text": "tell me a ",
        "userDefined": false
      },
      {
        "text": "funny",
        "meta": "@sys.ignore",
        "userDefined": true
      },
      {
        "text": " inspirational quote",
        "userDefined": false
      }
    ],
    "isTemplate": false,
    "count": 1,
    "updated": 1527500752
  },
  {
    "id": "8b242c20-644d-498b-9fe1-360386e741c7",
    "data": [
      {
        "text": "Some inspirational quotes",
        "userDefined": false
      }
    ],
    "isTemplate": false,
    "count": 0,
    "updated": 1529180396
  },
  {
    "id": "8cf52dd4-db45-4606-8da9-0b6c3c0c2eb2",
    "data": [
      {
        "text": "tell",
        "meta": "@sys.ignore",
        "userDefined": false
      },
      {
        "text": " ",
        "userDefined": false
      },
      {
        "text": "me",
        "meta": "@sys.ignore",
        "userDefined": false
      },
      {
        "text": " an inspirational quote",
        "userDefined": false
      }
    ],
    "isTemplate": false,
    "count": 0,
    "updated": 1527500752
  },
  {
    "id": "779c5639-02b4-4847-ac91-0421462fe505",
    "data": [
      {
        "text": "can you tell me a inspirational quote please",
        "userDefined": false
      }
    ],
    "isTemplate": false,
    "count": 0,
    "updated": 1527500752
  },
  {
    "id": "5a2e6918-e221-43d6-947c-9cefeea8bb81",
    "data": [
      {
        "text": "random inspirational quote",
        "userDefined": false
      }
    ],
    "isTemplate": false,
    "count": 0,
    "updated": 1527500752
  },
  {
    "id": "53da66bc-a130-4604-977b-bbaec036e3f7",
    "data": [
      {
        "text": "I want an inspirational quote",
        "userDefined": false
      }
    ],
    "isTemplate": false,
    "count": 0,
    "updated": 1527500752
  },
  {
    "id": "71b4959d-5ad6-4af0-bf8f-2dfd912c93f1",
    "data": [
      {
        "text": "do you know any pickup line?",
        "userDefined": false
      }
    ],
    "isTemplate": false,
    "count": 0,
    "updated": 1527500752
  },
  {
    "id": "ffb831ef-56c6-43b1-9a26-72f30f533266",
    "data": [
      {
        "text": "give",
        "meta": "@sys.ignore",
        "userDefined": true
      },
      {
        "text": " me a inspirational quote",
        "userDefined": false
      }
    ],
    "isTemplate": false,
    "count": 0,
    "updated": 1527500752
  },
  {
    "id": "f54c84da-0171-4607-b1fe-302ab231449c",
    "data": [
      {
        "text": "can you give a good inspirational quote",
        "userDefined": false
      }
    ],
    "isTemplate": false,
    "count": 0,
    "updated": 1527500752
  },
  {
    "id": "0e7a836c-29d0-47a5-9410-152b8d7d065f",
    "data": [
      {
        "text": "tell me a inspirational quote please",
        "userDefined": false
      }
    ],
    "isTemplate": false,
    "count": 0,
    "updated": 1527500752
  },
  {
    "id": "607d7f53-00ba-4210-b73a-dd680ca8aa69",
    "data": [
      {
        "text": "can you tell great inspirational quote",
        "userDefined": false
      }
    ],
    "isTemplate": false,
    "count": 0,
    "updated": 1527500752
  },
  {
    "id": "887a5688-555c-4059-b719-e29185dd779c",
    "data": [
      {
        "text": "inspirational quote?",
        "userDefined": false
      }
    ],
    "isTemplate": false,
    "count": 0,
    "updated": 1527500752
  },
  {
    "id": "a5e55926-c3f0-4c91-89ce-3478a3000d10",
    "data": [
      {
        "text": "inspirational quote",
        "userDefined": false
      }
    ],
    "isTemplate": false,
    "count": 1,
    "updated": 1527500752
  },
  {
    "id": "8df94867-fa64-4082-b2a9-a440e4cc76c4",
    "data": [
      {
        "text": "Tell me a great inspirational quote",
        "userDefined": false
      }
    ],
    "isTemplate": false,
    "count": 0,
    "updated": 1527500752
  },
  {
    "id": "251a4231-965e-4647-b184-7479df01b8ab",
    "data": [
      {
        "text": "yes tell me a insiring inspirational quote",
        "userDefined": false
      }
    ],
    "isTemplate": false,
    "count": 0,
    "updated": 1529180396
  },
  {
    "id": "4729dddb-2892-432d-ba09-1a9e072e2eef",
    "data": [
      {
        "text": "any",
        "meta": "@sys.ignore",
        "userDefined": false
      },
      {
        "text": " ",
        "userDefined": false
      },
      {
        "text": "good",
        "meta": "@sys.ignore",
        "userDefined": false
      },
      {
        "text": " inspirational quote",
        "userDefined": false
      }
    ],
    "isTemplate": false,
    "count": 0,
    "updated": 1529180396
  },
  {
    "id": "0465ee6f-1571-4f0d-90e6-c04d90d580f9",
    "data": [
      {
        "text": "yes yes",
        "userDefined": false
      }
    ],
    "isTemplate": false,
    "count": 0,
    "updated": 1529180396
  },
  {
    "id": "55e3253a-fe93-4ddc-a05c-4950db672434",
    "data": [
      {
        "text": "can you tell me another inspirational quote?",
        "userDefined": false
      }
    ],
    "isTemplate": false,
    "count": 0,
    "updated": 1527500752
  },
  {
    "id": "ed71a666-6f71-4e67-85c3-991bac91a7e5",
    "data": [
      {
        "text": "More of that",
        "userDefined": false
      }
    ],
    "isTemplate": false,
    "count": 0,
    "updated": 1529180396
  },
  {
    "id": "c54efcde-7dba-46e3-9267-1b91993a5f23",
    "data": [
      {
        "text": "whats a good inspirational quote",
        "userDefined": false
      }
    ],
    "isTemplate": false,
    "count": 0,
    "updated": 1527500752
  },
  {
    "id": "403a7aab-1458-48d1-a78b-294c7421cef5",
    "data": [
      {
        "text": "tell me ",
        "userDefined": false
      },
      {
        "text": "your",
        "meta": "@sys.ignore",
        "userDefined": true
      },
      {
        "text": " ",
        "userDefined": false
      },
      {
        "text": "funniest",
        "meta": "@sys.ignore",
        "userDefined": true
      },
      {
        "text": " inspirational quote",
        "userDefined": false
      }
    ],
    "isTemplate": false,
    "count": 0,
    "updated": 1527500752
  },
  {
    "id": "0e76e6a9-ab85-4f34-923c-6f3f1a68633b",
    "data": [
      {
        "text": "yes tell me  a good inspirational quote",
        "userDefined": false
      }
    ],
    "isTemplate": false,
    "count": 0,
    "updated": 1529180396
  }
]