[
  {
    "id": "ecbcca9f-abbc-4b0d-a24c-b0a41b92bfcb",
    "data": [
      {
        "text": "I like that",
        "userDefined": false
      }
    ],
    "isTemplate": false,
    "count": 0,
    "updated": 1531065935
  },
  {
    "id": "472b36b7-124f-4273-8376-c8358cbfccda",
    "data": [
      {
        "text": "I like that ",
        "userDefined": false
      },
      {
        "text": "one",
        "alias": "number",
        "meta": "@sys.number",
        "userDefined": false
      },
      {
        "text": " yes",
        "userDefined": false
      }
    ],
    "isTemplate": false,
    "count": 1,
    "updated": 1531065935
  },
  {
    "id": "4879ff4e-0ca5-4434-ab82-c2ea96fbbc46",
    "data": [
      {
        "text": "cool ",
        "userDefined": false
      },
      {
        "text": "one",
        "alias": "number",
        "meta": "@sys.number",
        "userDefined": false
      }
    ],
    "isTemplate": false,
    "count": 1,
    "updated": 1528818042
  },
  {
    "id": "81ab6a2f-527e-4ed4-9bbc-a4be83895f3d",
    "data": [
      {
        "text": "I like that ",
        "userDefined": false
      },
      {
        "text": "one",
        "alias": "number",
        "meta": "@sys.number",
        "userDefined": false
      }
    ],
    "isTemplate": false,
    "count": 0,
    "updated": 1531065935
  },
  {
    "id": "af8a4ac4-801b-4a93-aeb6-09b7e096f57a",
    "data": [
      {
        "text": "like",
        "userDefined": false
      }
    ],
    "isTemplate": false,
    "count": 0,
    "updated": 1531065935
  },
  {
    "id": "87f92b24-f1e5-487c-985d-83751b4be493",
    "data": [
      {
        "text": "nice",
        "userDefined": false
      }
    ],
    "isTemplate": false,
    "count": 0,
    "updated": 1528818042
  },
  {
    "id": "de131503-fce7-4194-9cbe-ed9c86092c4d",
    "data": [
      {
        "text": "nice ",
        "userDefined": false
      },
      {
        "text": "one",
        "alias": "number",
        "meta": "@sys.number",
        "userDefined": false
      }
    ],
    "isTemplate": false,
    "count": 0,
    "updated": 1528818042
  },
  {
    "id": "c44ff061-80e5-4ace-b3d5-7380093151d6",
    "data": [
      {
        "text": "good one",
        "userDefined": false
      }
    ],
    "isTemplate": false,
    "count": 0,
    "updated": 1528818042
  },
  {
    "id": "dc9616c7-2f0b-42e6-bc80-7a7e31df64b7",
    "data": [
      {
        "text": "sweet",
        "userDefined": false
      }
    ],
    "isTemplate": false,
    "count": 0,
    "updated": 1528818042
  },
  {
    "id": "5cb8d54b-ebd2-4dae-bc4b-fa8dff84d700",
    "data": [
      {
        "text": "cool",
        "userDefined": false
      }
    ],
    "isTemplate": false,
    "count": 0,
    "updated": 1528818042
  },
  {
    "id": "801484e4-ad0d-4095-85fb-cbe489ef57bc",
    "data": [
      {
        "text": "neat",
        "userDefined": false
      }
    ],
    "isTemplate": false,
    "count": 0,
    "updated": 1528818042
  },
  {
    "id": "0f6fd90f-3fcd-469f-b498-62a37e940117",
    "data": [
      {
        "text": "awesome",
        "userDefined": false
      }
    ],
    "isTemplate": false,
    "count": 0,
    "updated": 1528818042
  },
  {
    "id": "1f707353-7e80-45f6-9288-afbb7914c88d",
    "data": [
      {
        "text": "good",
        "userDefined": false
      }
    ],
    "isTemplate": false,
    "count": 0,
    "updated": 1528818042
  },
  {
    "id": "e1dc832e-bc14-448f-8f5e-a99456cb9e75",
    "data": [
      {
        "text": "great",
        "userDefined": false
      }
    ],
    "isTemplate": false,
    "count": 0,
    "updated": 1528818042
  },
  {
    "id": "b6a71401-e17b-4f97-b4e4-022b302f0512",
    "data": [
      {
        "text": "that\u0027s a good one",
        "userDefined": false
      }
    ],
    "isTemplate": false,
    "count": 0,
    "updated": 1528818042
  },
  {
    "id": "f1bfb25f-5d65-4023-9791-0d65b93368ba",
    "data": [
      {
        "text": "not bad",
        "userDefined": false
      }
    ],
    "isTemplate": false,
    "count": 0,
    "updated": 1528818042
  }
]