[
  {
    "id": "5eda6322-e79e-44b0-b405-b8f6f9838c39",
    "data": [
      {
        "text": "tell me good quotes",
        "userDefined": false
      }
    ],
    "isTemplate": false,
    "count": 0
  },
  {
    "id": "5fec5b75-d6df-49cc-a19f-56d523ffa9bd",
    "data": [
      {
        "text": "tell me inspiring quotes",
        "userDefined": false
      }
    ],
    "isTemplate": false,
    "count": 0
  },
  {
    "id": "8f697d80-a19b-47b2-891d-3071c12b5bd3",
    "data": [
      {
        "text": "talk to Inspire me with quote",
        "userDefined": false
      }
    ],
    "isTemplate": false,
    "count": 0
  },
  {
    "id": "4f57d368-400b-4300-939d-e3564b772c78",
    "data": [
      {
        "text": "inspire me with quote",
        "userDefined": false
      }
    ],
    "isTemplate": false,
    "count": 0
  },
  {
    "id": "78413a33-6929-4c44-9463-0126bc149fb6",
    "data": [
      {
        "text": "tell me inspirational quotes",
        "userDefined": false
      }
    ],
    "isTemplate": false,
    "count": 1
  },
  {
    "id": "31225db8-d593-4e54-98bc-119a9b55776a",
    "data": [
      {
        "text": "I want to talk to Inspire me with quote",
        "userDefined": false
      }
    ],
    "isTemplate": false,
    "count": 0
  },
  {
    "id": "1d9eabb4-8392-41d9-b9d4-3a8b716dab97",
    "data": [
      {
        "text": "let me speak to Inspire me with quote",
        "userDefined": false
      }
    ],
    "isTemplate": false,
    "count": 0
  },
  {
    "id": "ac94fb24-988f-48fd-abf0-b4130069d314",
    "data": [
      {
        "text": "I want to speak to Inspire me with quote",
        "userDefined": false
      }
    ],
    "isTemplate": false,
    "count": 0
  },
  {
    "id": "109b08e5-2750-490e-a579-29e2647fadb2",
    "data": [
      {
        "text": "let me talk to Inspire me with quote",
        "userDefined": false
      }
    ],
    "isTemplate": false,
    "count": 0
  },
  {
    "id": "dd3d88e9-b23d-47be-8996-7924b3b9720b",
    "data": [
      {
        "text": "Ok Google, tell me inspirational quotes",
        "userDefined": false
      }
    ],
    "isTemplate": false,
    "count": 0
  },
  {
    "id": "ff31db5f-3f08-4336-8cb6-4e68ba4a491a",
    "data": [
      {
        "text": "Ok Google, tell me good quotes",
        "userDefined": false
      }
    ],
    "isTemplate": false,
    "count": 0
  },
  {
    "id": "088c57c5-df03-4551-96ef-a1a463cb81ba",
    "data": [
      {
        "text": "Ok Google, tell me inspiring quotes",
        "userDefined": false
      }
    ],
    "isTemplate": false,
    "count": 0
  },
  {
    "id": "64f03ab0-f111-4545-aa42-a7b6ac5e21c3",
    "data": [
      {
        "text": "Ok Google, talk to inspire me with quote",
        "userDefined": false
      }
    ],
    "isTemplate": false,
    "count": 0
  },
  {
    "id": "14b76526-692c-43d2-b710-18f23ca63c04",
    "data": [
      {
        "text": "Ok Google, inspire me with quote",
        "userDefined": false
      }
    ],
    "isTemplate": false,
    "count": 2
  },
  {
    "id": "8938e994-29e4-47e8-ad7f-63dc13ce964d",
    "data": [
      {
        "text": "talk to inspire me with quote",
        "userDefined": false
      }
    ],
    "isTemplate": false,
    "count": 2
  },
  {
    "id": "f40f3fdf-63ed-4da5-9c1d-5d2f14c17d38",
    "data": [
      {
        "text": "hello",
        "userDefined": false
      }
    ],
    "isTemplate": false,
    "count": 0,
    "updated": 1526829277
  },
  {
    "id": "dbbbac54-40e6-4139-a236-5f25bd79a55b",
    "data": [
      {
        "text": "hiii",
        "userDefined": false
      }
    ],
    "isTemplate": false,
    "count": 0,
    "updated": 1527500457
  },
  {
    "id": "2c937f8b-343c-491c-851e-1f4742df1ffa",
    "data": [
      {
        "text": "hey",
        "userDefined": false
      }
    ],
    "isTemplate": false,
    "count": 0,
    "updated": 1526829277
  },
  {
    "id": "5860625c-eebb-47ca-aaeb-03d23164b49c",
    "data": [
      {
        "text": "yo",
        "userDefined": false
      }
    ],
    "isTemplate": false,
    "count": 0,
    "updated": 1526829277
  },
  {
    "id": "c82b99a8-2e51-43c3-8fc9-eab1150773d5",
    "data": [
      {
        "text": "hii",
        "userDefined": false
      }
    ],
    "isTemplate": false,
    "count": 0,
    "updated": 1527500457
  },
  {
    "id": "da402b34-7103-4c88-8276-c53592dda5a0",
    "data": [
      {
        "text": "hi",
        "userDefined": false
      }
    ],
    "isTemplate": false,
    "count": 0,
    "updated": 1526829277
  },
  {
    "id": "9120375b-2c28-4e42-a189-9fca24dcced5",
    "data": [
      {
        "text": "wassup",
        "userDefined": false
      }
    ],
    "isTemplate": false,
    "count": 0,
    "updated": 1526829277
  },
  {
    "id": "b3afaab8-5478-4756-b9bf-df90d97c72a2",
    "data": [
      {
        "text": "hi there",
        "userDefined": false
      }
    ],
    "isTemplate": false,
    "count": 1,
    "updated": 1526829277
  }
]