[
  {
    "id": "dcc0df96-2ac8-402a-b8e5-02e3c6489210",
    "data": [
      {
        "text": "definitely",
        "userDefined": false
      }
    ],
    "isTemplate": false,
    "count": 0,
    "updated": 1528386869
  },
  {
    "id": "970a460f-6d9e-4ffd-9f0e-075707c8db35",
    "data": [
      {
        "text": "yep",
        "userDefined": false
      }
    ],
    "isTemplate": false,
    "count": 0,
    "updated": 1528382477
  },
  {
    "id": "cf0cca8d-a5c4-4c17-8fac-c2a1f7dac923",
    "data": [
      {
        "text": "yeah",
        "userDefined": false
      }
    ],
    "isTemplate": false,
    "count": 2,
    "updated": 1528382477
  },
  {
    "id": "96304018-367f-4ec1-ba01-5748152a3825",
    "data": [
      {
        "text": "ok",
        "userDefined": false
      }
    ],
    "isTemplate": false,
    "count": 0,
    "updated": 1528386869
  },
  {
    "id": "2888e1a0-69e4-4d17-b590-ff92a69acf64",
    "data": [
      {
        "text": "maybe",
        "userDefined": false
      }
    ],
    "isTemplate": false,
    "count": 1,
    "updated": 1528386869
  },
  {
    "id": "0b812c82-e364-4685-90e6-628cbe731428",
    "data": [
      {
        "text": "okey",
        "userDefined": false
      }
    ],
    "isTemplate": false,
    "count": 0,
    "updated": 1528386869
  },
  {
    "id": "1889084b-b280-416e-a8e7-f16184cbae9e",
    "data": [
      {
        "text": "go ahead",
        "userDefined": false
      }
    ],
    "isTemplate": false,
    "count": 0,
    "updated": 1528386869
  },
  {
    "id": "fd220957-13b8-4325-92e1-f988ac76e9b0",
    "data": [
      {
        "text": "okie",
        "userDefined": false
      }
    ],
    "isTemplate": false,
    "count": 1,
    "updated": 1528386869
  },
  {
    "id": "84d72399-df9a-462a-856a-375a9532c68a",
    "data": [
      {
        "text": "Yes",
        "userDefined": false
      }
    ],
    "isTemplate": false,
    "count": 1,
    "updated": 1528386869
  },
  {
    "id": "c2bdd0c4-0f60-4811-8b28-8de262e08f68",
    "data": [
      {
        "text": "next",
        "userDefined": false
      }
    ],
    "isTemplate": false,
    "count": 0,
    "updated": 1528382477
  },
  {
    "id": "e1b8d107-9c62-4299-983a-6fa2be4d63b4",
    "data": [
      {
        "text": "another one",
        "userDefined": false
      }
    ],
    "isTemplate": false,
    "count": 0,
    "updated": 1528382477
  },
  {
    "id": "e777a03b-79e1-4ce0-b2e6-dff95d150e44",
    "data": [
      {
        "text": "sure",
        "userDefined": false
      }
    ],
    "isTemplate": false,
    "count": 0,
    "updated": 1528382477
  },
  {
    "id": "f46e6cb4-1fed-4b14-a711-60c01e55305e",
    "data": [
      {
        "text": "ready",
        "userDefined": false
      }
    ],
    "isTemplate": false,
    "count": 0,
    "updated": 1528386869
  },
  {
    "id": "cd72de17-b451-4942-a9c1-c32ac56e9316",
    "data": [
      {
        "text": "one more",
        "userDefined": false
      }
    ],
    "isTemplate": false,
    "count": 0,
    "updated": 1528386869
  },
  {
    "id": "cb29c003-e253-4ace-b38e-a6c80cfb4340",
    "data": [
      {
        "text": "yess",
        "userDefined": false
      }
    ],
    "isTemplate": false,
    "count": 0,
    "updated": 1528382477
  },
  {
    "id": "0c6f29e0-d992-41cc-ae9b-c4015bda5c91",
    "data": [
      {
        "text": "yass",
        "userDefined": false
      }
    ],
    "isTemplate": false,
    "count": 1,
    "updated": 1528386869
  },
  {
    "id": "b5543694-0a2d-423c-a2ca-3b463b60c7e7",
    "data": [
      {
        "text": "yea",
        "userDefined": false
      }
    ],
    "isTemplate": false,
    "count": 0,
    "updated": 1528382477
  },
  {
    "id": "fc215c2c-1901-47d9-b15f-65b8e0517661",
    "data": [
      {
        "text": "okay",
        "userDefined": false
      }
    ],
    "isTemplate": false,
    "count": 0,
    "updated": 1528386869
  },
  {
    "id": "58f488df-29bd-4837-8731-7a350ba447fe",
    "data": [
      {
        "text": "alright",
        "userDefined": false
      }
    ],
    "isTemplate": false,
    "count": 0,
    "updated": 1528386869
  },
  {
    "id": "54f528c7-9ec0-4d0b-b991-e991489592e8",
    "data": [
      {
        "text": "bring it on",
        "userDefined": false
      }
    ],
    "isTemplate": false,
    "count": 0,
    "updated": 1528382477
  }
]